{
    "keep": {
        "days": true,
        "amount": 14
    },
    "auditLog": "logs/.6de05a4169ce4b4e664365a5a798cbc325f986ae-audit.json",
    "files": [
        {
            "date": 1722048321833,
            "name": "logs/application-2024-07-27.log",
            "hash": "202fe776e7899c8e557be7fb0becfcfb"
        },
        {
            "date": 1722173808887,
            "name": "logs/application-2024-07-28.log",
            "hash": "5a4d7c231c241204bb564e26ba845b45"
        },
        {
            "date": 1722259989571,
            "name": "logs/application-2024-07-29.log",
            "hash": "0960c0339af872e91d7f15765a89cc38"
        },
        {
            "date": 1722346154351,
            "name": "logs/application-2024-07-30.log",
            "hash": "704f337bcee1da904af295a7d4a9f3ab"
        },
        {
            "date": 1722384220921,
            "name": "logs/application-2024-07-31.log",
            "hash": "51dec96658b0b2678a1b8c3b0d4130f4"
        }
    ]
}